שם שחקן,שם קבוצה,עמדה,מחיר
Sasha Vezenkov,OLY,Forward,17
Mike James,EFS,Guard,16
Chima Moneke,CZV,Forward,15.5
Elijah Bryant,HTA,Guard,15.5
Jonas Valanciunas,ZAL,Center,15.5
Nikola Milutinov,OLY,Center,15.3
Tj Shorts,VBC,Guard,14.9
Jaylen Hoard,MTA,Forward,14.8
Nadir Hifi,PBB,Guard,14.8
Sylvain Francisco,PAO,Guard,14.8
Walter Tavares,RMB,Center,14.7
Kendrick Nunn,PAO,Guard,14.6
Mfiondu Kabengele,DUB,Center,14.6
Dario Saric,EFS,Forward,14.5
Mathias Lessort,PAO,Center,14.4
Wade Baldwin IV,FBT,Guard,14.3
Guerschon Yabusele,PAO,Forward,14.3
Dan Oturu,HTA,Center,14.2
Moses Wright,MIL,Center,14
Tornike Shengelia,DUB,Forward,13.8
Facundo Campazzo,RMB,Guard,13.7
Carlik Jones,PAR,Guard,13.6
Kevin Punter,BAR,Guard,13.6
Mckinley Wright,DUB,Guard,13.5
Shane Larkin,FBT,Guard,13.5
Nigel Hayes-davis,PAO,Forward,13.4
Roman Sorkin,MTA,Center,13.4
Dzanan Musa,DUB,Guard,13.3
Zach Leday,HTA,Forward,13.3
Jordan Nwora,CZV,Forward,13
Timothe Luwawu-cabarrot,RMB,Forward,12.8
Jean Montero,OLY,Guard,12.8
Filip Petrusev,DUB,Forward,12.7
Dwayne Bacon,DUB,Forward,12.7
Talen Horton-Tucker,FBT,Guard,12.7
Tyler Dorsey,OLY,Guard,12.6
Josh Nebo,BAR,Center,12.5
Amir Coffey,HTA,Forward,12.5
Shavon Shields,FBT,Forward,12.4
Will Clyburn,FBT,Forward,12.4
Kameron Taylor,VBC,Forward,12.4
Patty Mills,ASV,Guard,12.3
Elie Okobo,DUB,Guard,12.2
Daniel Theis,MTA,Center,12.2
Justin Robinson,BAR,Guard,12.2
Chris Jones,CZV,Guard,12.1
Tyrique Jones,OLY,Center,12
Ante Zizic,BJK,Center,12
Vasilije Micic,HTA,Guard,12
Alec Peters,MIL,Forward,11.7
Isaac Bonga,PAO,Forward,11.5
T.J. Warren,PBB,Forward,11.5
Juancho Hernangomez,PAO,Forward,11.4
Carsen Edwards,ZAL,Guard,11.4
Bonzie Colson,MTA,Forward,11.3
Marcus Bingham,FBT,Center,11.3
MarJon Beauchamp,BAY,Forward,11.3
Azuolas Tubelis,ZAL,Forward,11.1
Tyson Etienne,PBB,Guard,11.1
Codi Miller-mcintyre,OLY,Guard,11
Johnathan Motley,CZV,Center,11
Austin Wiley,BAY,Center,11
Rasheed Bello,VIR,Guard,11
Donta Hall,OLY,Center,10.9
Keaton Wallace,MTA,Guard,10.8
Kostas Sloukas,PAO,Guard,10.7
Darrun Russell,EFS,Guard,10.7
Trent Forrest,FBT,Guard,10.6
Sterling Brown,ZAL,Guard,10.6
Patrick Baldwin Jr.,CZV,Center,10.6
Johannes Thiemann,BAY,Center,10.6
Tj Leaf,MTA,Forward,10.5
Eugene Omoruyi,BJK,Forward,10.5
Trent Frazier,VIR,Guard,10.5
Tadas Sedekerskis,KBA,Forward,10.4
Joel Bolomboy,ASV,Center,10.4
Armoni Brooks,VBC,Guard,10.3
Matthew Strazel,EFS,Guard,10.3
Bruno Fernando,EFS,Center,10.3
Nathan Reuvers,VBC,Forward,10.3
Jordan Loyd,EFS,Guard,10.2
Andreas Obst,BAY,Guard,10.2
O'shae J Brissett,MTA,Forward,10.2
Umoja Gibson,BAR,Guard,10.2
Duane Washington,BAY,Guard,10.1
Kyle Allman Jr.,PAR,Guard,10.1
Mamadi Diakite,DUB,Center,10.1
Jared Butler,CZV,Guard,10.1
Ethan Thompson,PAR,Guard,10.1
Nick Weiler-babb,CZV,Guard,10
Kessler Edwards,VIR,Forward,10
Johnny Juzang,FBT,Forward,10
Chris Duarte,KBA,Guard,10
Devon Dotson,BJK,Guard,9.9
David DeJulius,BJK,Guard,9.9
Tremont Waters,ASV,Guard,9.9
Marcus Carr,VIR,Guard,9.9
Bobi Klintman,VIR,Center,9.9
Theo Maledon,RMB,Guard,9.8
Jacob Toppin,HTA,Forward,9.8
Alize Johnson,PBB,Forward,9.8
Devin Booker,MIL,Center,9.7
Nigel Williams-goss,ZAL,Guard,9.7
Antony Brown,BJK,Forward,9.7
Jaylen Nowell,BJK,Guard,9.7
Tomas Satoransky,HTA,Guard,9.6
Marko Guduric,MIL,Guard,9.6
Antonio Blakeney,HTA,Guard,9.6
Ercan Osmani,EFS,Forward,9.6
Kobi Simmons,KBA,Guard,9.6
Marek Blazevic,ZAL,Center,9.5
Jimmy Clark Iii,MTA,Guard,9.5
Kenneth Faried,KBA,Center,9.5
Jae Crowder,ASV,Forward,9.5
Jaron Blossomgame,DUB,Forward,9.4
Evan Fournier,OLY,Guard,9.4
Ebuka Izundu,CZV,Center,9.4
Tosan Evbuomwan,BAR,Forward,9.4
Mathis Dossou-Yovo,ASV,Forward,9.4
Mouhamet Diouf,VIR,Center,9.3
TyTy Washington Jr.,ASV,Guard,9.3
Mãozinha Pereira,PBB,Forward,9.3
Jason Burnell,MIL,Forward,9.2
Joffrey Lauvergne,PAR,Center,9.1
Isaia Cordinier,EFS,Guard,9.1
Stanley Umude,BAR,Guard,9.1
Olivier Sarr,RMB,Center,9.1
Damian Jones,RMB,Center,9.1
Gabriel Deck,RMB,Forward,9
Vladimir Lucic,BAY,Forward,9
Chuma Okeke,RMB,Forward,9
Jared Rhoden,PBB,Guard,9
Garrison Mathews,MIL,Guard,9
Gonzalo Corbalán,VBC,Guard,9
Kevin Kokila,VIR,Center,8.9
Miles Norris,BAY,Forward,8.9
Jerian Grant,PAO,Guard,8.8
Neal Sako,VBC,Center,8.8
Yam Madar,MTA,Guard,8.8
D.J. Stewart,KBA,Guard,8.8
Kai Jones,EFS,Center,8.8
Tyrese Martin,BAR,Forward,8.8
A.J. Lawson,KBA,Guard,8.8
Hugo Besson,ASV,Guard,8.8
Darius Thompson,MIL,Guard,8.7
Leandro Bolmaro,MIL,Guard,8.7
Jaime Pradilla,RMB,Forward,8.7
Bobi Gach,ASV,Forward,8.7
Santi Yusta,EFS,Forward,8.7
Mouhamadou Gueye,VBC,Forward,8.7
Wendell Moore Jr.,VIR,Guard,8.7
Rokas Jokubaitis,BAY,Guard,8.6
Saben Lee,ZAL,Guard,8.6
Mady Sissoko,BJK,Center,8.6
Conor Morgan,BJK,Forward,8.5
Omari Moore,VBC,Guard,8.5
R.J. Cole,MIL,Guard,8.5
Wenyen Gabriel,BJK,Center,8.4
Derrick Alston Jr.,VIR,Forward,8.4
Damion Baugh,KBA,Guard,8.4
Furkan Korkmaz,BJK,Forward,8.3
Markus Howard,KBA,Guard,8.3
Iffe Lundberg,MTA,Guard,8.3
Brancou Badio,PAO,Guard,8.3
Tonye Jekiri,PAR,Center,8.3
Moustapha Fall,PAO,Center,8.2
Nicolo Melli,FBT,Forward,8.2
Thomas Walkup,OLY,Guard,8.2
Devon Hall,MIL,Guard,8.2
Collin Malcolm,EFS,Forward,8.1
Derek Willis,PAR,Forward,8.1
Olek Balcerowski,BAR,Center,8
Lamar Stevens,PAR,Forward,8
Dylan Osetkowski,VBC,Forward,8
Allan Dokossi,PBB,Center,8
Braxton Key,FBT,Forward,8
Eugene German,HTA,Guard,8
Max Shulga,RMB,Guard,8
Nathan Sestina,ASV,Forward,7.9
Chris Silva,FBT,Center,7.9
Frank Ntilikina,PBB,Guard,7.8
Nikola Tanaskovic,PAR,Center,7.8
Olivier Nkamboua,BAR,Forward,7.8
Luca Vildoza,PAR,Guard,7.7
Tamir Blatt,HTA,Guard,7.7
Justinian Jessup,BAY,Guard,7.7
Pj Dozier,EFS,Guard,7.7
Georgios Papagiannis,EFS,Center,7.5
Scottie Wilbekin,BJK,Guard,7.5
Tyson Ward,OLY,Forward,7.5
Johannes Voigtmann,BAY,Center,7.5
Mbaye Ndiaye,OLY,Forward,7.5
Khadeen Carrington,HTA,Guard,7.5
Semi Ojeleye,CZV,Forward,7.5
Yvon Pons,ASV,Forward,7.5
Justin Minaya,BAR,Forward,7.5
Kevarrius Hayes,PAR,Center,7.3
Oscar Da Silva,BAY,Forward,7.3
Alessandro Pajola,PAR,Guard,7.3
Maodo Lo,ZAL,Guard,7.2
Armando Bacot Jr.,MTA,Center,7.2
Elias Valtonen,VBC,Forward,7.2
Kamar Baldwin,BAY,Guard,7.1
Myles Cale,ASV,Guard,7.1
Vitto Brown,BJK,Forward,7
Joel Parra,BAR,Forward,7
Terry Tarpey,PBB,Guard,7
Yoan Makoundou,BAR,Center,7
Arnas Butkevicius,ZAL,Forward,7
Mouhamed Faye,PBB,Center,7
Cory Joseph,OLY,Guard,7
Mam Jaiteh,DUB,Center,6.8
Tyson Carter,CZV,Guard,6.8
Tobias Jensen,BAY,Guard,6.8
Kaodirichi Akobundu-Ehiogu,ZAL,Center,6.7
Davion Mintz,DUB,Guard,6.6
Justin Anderson,DUB,Forward,6.5
Ish Wainright,HTA,Forward,6.5
David Kramer,CZV,Guard,6.5
Yankuba Sima,VBC,Center,6.5
Rodions Kurucs,KBA,Forward,6.5
Aliou Diarra,VIR,Center,6.5
Alexandros Karagiannidis,OLY,Center,6.5
Edgaras Ulanovas,ZAL,Forward,6.4
Matteo Spagnolo,KBA,Guard,6.4
Dario Brizuela,BAR,Guard,6.4
Amath M'baye,PBB,Forward,6.4
Marius Grigonis,ZAL,Forward,6.3
Tai Odiase,HTA,Center,6.3
Dustin Sleva,ZAL,Forward,6.3
Jeremy Morgan,PBB,Forward,6.3
Bodian Massa,ASV,Forward,6.3
Ignas Sargiunas,FBT,Guard,6.3
Andres Feliz,RMB,Guard,6.2
Daulton Hommes,PBB,Forward,6.2
Usman Garuba,RMB,Center,6.1
Agustin Ubal,BAR,Guard,6.1
Mikael Jantunen,RMB,Forward,6
Kenan Kamenjas,DUB,Center,5.9
Shane Hunter,MTA,Center,5.9
Khalifa Diop,KBA,Center,5.8
Tyler Ennis,HTA,Guard,5.7
Nobel Boungou-Colo,PBB,Forward,5.7
Konstantinos Mitoglou,PAO,Forward,5.5
Mario Nakic,PAR,Forward,5.5
Metecan Birsen,BJK,Forward,5.5
Davide Casarin,VIR,Guard,5.5
Josep Puerto,VBC,Guard,5.5
Davis Bertans,DUB,Forward,5.5
Brice Dessert,EFS,Center,5.5
Francesco Ferrari,VIR,Forward,5.2
Justus Hollatz,BAY,Guard,5.1
Clement Frisch,KBA,Forward,5.1
Deividas Sirvydis,ZAL,Guard,5
Ognjen Dobric,CZV,Forward,5
Vanja Marinkovic,PAR,Guard,5
Sebastian Herrera,PBB,Guard,5
Eli Ndiaye,RMB,Forward,5
Joel Ayayi,PBB,Guard,5
Onuralp Bitim,FBT,Forward,5
Fredric Bourdillon,HTA,Guard,5
Daniel Hackett,VIR,Guard,4.8
Leopold Cavaliere,PBB,Forward,4.8
David Lighty,ASV,Forward,4.8
Yakuba Ouattara,PBB,Guard,4.8
Nikola Djurisic,CZV,Guard,4.8
Marc-Owen Fodzo Dada,ASV,Guard,4.8
Mario Saint-Supéry,VBC,Guard,4.7
Juan Nunez,BAR,Guard,4.6
Giannoulis Larentzakis,OLY,Guard,4.6
Edwin Jackson,ASV,Forward,4.6
Nikolaos Rogkavopoulos,PAO,Forward,4.5
Sergio Llull,RMB,Guard,4.5
Sertaç Şanlı,FBT,Center,4.5
John Dibartolomeo,MTA,Guard,4.5
Alberto Abalde,RMB,Forward,4.5
Dovydas Giedraitis,ZAL,Guard,4.5
Giampaolo Ricci,MIL,Forward,4.5
Eleftherios Mantzoukas,PAO,Forward,4.5
Tomer Ginat,HTA,Forward,4.5
Klemen Prepelic,DUB,Guard,4.5
Izan Almansa,RMB,Forward,4.5
Gur Lavy,MTA,Forward,4.5
Amit Ebo,MTA,Guard,4.5
Álvaro Cárdenas,VBC,Guard,4.5
Dejan Davidovac,CZV,Forward,4.4
Niels Giffey,BAY,Forward,4.4
Erkan Yilmaz,EFS,Forward,4.4
Berk Ugurlu,BJK,Guard,4.4
Nikos Plotas,OLY,Guard,4.4
Tommaso Baldasso,VIR,Guard,4.4
Kostas Papanikolaou,OLY,Forward,4.3
William Rayman,MTA,Forward,4.3
Stefano Tonut,MIL,Guard,4.2
Dimitris Moraitis,PAO,Guard,4.2
Awudu Abass,DUB,Forward,4.2
Kosta Kondic,DUB,Guard,4.2
Lucas Mari,VBC,Guard,4.2
Gabriele Procida,RMB,Forward,4.1
Arijan Lakic,PAR,Forward,4
Melih Mahmutoglu,FBT,Guard,4
Enzo Shahrvin,PBB,Center,4
Ousmane Diop,MIL,Center,4
Diego Flaccadori,MIL,Guard,4
Nicola Akele,MIL,Forward,4
Mitar Bosnjakovic,PAR,Guard,4
Burak Can Yıldızlı,EFS,Forward,4
Mert Emre Ekşioğlu,FBT,Guard,4
Georgios Kalaitzakis,PAO,Guard,4
Guy Palatin,HTA,Guard,4
Oz Blayzer,HTA,Forward,4
Bar Timor,HTA,Guard,4
David Mutaf,EFS,Guard,4
Stefan Miljenovic,CZV,Guard,4
Nemanja Dangubic,DUB,Forward,4
Ioannis Kouzeloglou,PAO,Forward,4
Itay Segev,HTA,Center,4
Omiros Netzipoglou,OLY,Guard,4
Stefan Joksimovic,KBA,Forward,4
Aleksej Nedeljkovic,CZV,Forward,4
Ruzgar Fenemen,EFS,Guard,4
Matteo Baiocchi,VIR,Guard,4
Kilian Fischer,BAY,Forward,4
Andrej Bjelic,CZV,Guard,4
Vojin Medarevic,CZV,Center,4
Uros Mijailovic,PAR,Forward,4
